r,count_on_policy,count_off_policy,expression,traversal,nmse_test,nmse_test_noiseless,success
0.9999999999996965,1,0,x1/(x2 + 1),"div,x1,add,exp,sub,mul,x1,x2,1.0*x1*x2,x2",9.210497987876385e-26,9.210497987876385e-26,True
0.6650562654625977,1,0,1.11639305302163*exp(1.2682e-5*x1**3 - 4.21384e-6*x1**2*x2 - 0.0023402*x1**2 - 8.68857e-6*x1*x2**2 + 0.00110838*x1*x2 + 0.137751*x1 - 5.70007e-6*x2**3 + 0.00211423*x2**2 - 0.167889*x2)*exp(cos(x2*(x1 + exp(x1 + log(x1)/x1**2)))),"mul,exp,0.110103-0.167889*x2+0.137751*x1+0.00211423*x2**2+0.00110838*x1*x2-0.0023402*x1**2-5.70007e-06*x2**3-8.68857e-06*x1*x2**2-4.21384e-06*x1**2*x2+1.2682e-05*x1**3,exp,cos,mul,add,exp,add,div,div,log,x1,x1,x1,x1,x1,x2",0.2536453693083786,0.2536453693083786,False
0.6346111737172514,1,0,1.31251874856163*exp(1.38239e-5*x1**3 - 1.20169e-5*x1**2*x2 - 0.00249882*x1**2 - 1.07643e-5*x1*x2**2 + 0.00232884*x1*x2 + 0.1444*x1 - 9.02647e-6*x2**3 + 0.00283604*x2**2 - 0.239079*x2) + sin(x2 - log(log(2*x1**2 + x2))/x1),"sub,exp,sub,x1,-0.271948+0.239079*x2+0.8556*x1-0.00283604*x2**2-0.00232884*x1*x2+0.00249882*x1**2+9.02647e-06*x2**3+1.07643e-05*x1*x2**2+1.20169e-05*x1**2*x2-1.38239e-05*x1**3,sin,sub,div,log,log,add,x2,mul,add,x1,x1,x1,x1,x2",0.3315088261403213,0.3315088261403213,False
0.6325622241609699,1,0,1.38282291447831*exp(2.18968e-6*x1**2*x2 - 0.000200027*x1**2 - 1.47599e-5*x1*x2**2 + 0.000301673*x1*x2 + 0.050725*x1 - 1.01019e-5*x2**3 + 0.00342632*x2**2 - 0.1843*x2 - cos(log(x1 - exp(-x1 + x2)))),"exp,sub,0.324127-1.1843*x2+0.050725*x1+0.00342632*x2**2+0.000301673*x1*x2-0.000200027*x1**2-1.01019e-05*x2**3-1.47599e-05*x1*x2**2+2.18968e-06*x1**2*x2,sub,cos,log,sub,x1,exp,add,sub,x2,add,x1,x1,x1,x2",0.3374124485516391,0.3374124485516391,False
0.618065544777146,1,0,(0.00052894*x1**3 + 0.00693245*x1**2*x2 - 0.368646*x1**2 - 0.0294244*x1*x2**2 + 1.53188*x1*x2 - 5.65851*x1 + 0.0237165*x2**3 - 1.28486*x2**2 + 4.97967*x2 + 12.3364)/(1 - x1),"div,12.3364+4.97967*x2-5.65851*x1-1.28486*x2**2+1.53188*x1*x2-0.368646*x1**2+0.0237165*x2**3-0.0294244*x1*x2**2+0.00693245*x1**2*x2+0.00052894*x1**3,sub,cos,sub,x2,x2,x1",0.3818639058390413,0.3818639058390413,False
0.6128950305272811,1,0,-4.6575e-6*x1**3 + 0.000111351*x1**2*x2 - 0.000440457*x1**2 + 5.9414e-5*x1*x2**2 - 0.0279382*x1*x2 + 0.45915*x1 - 0.000247856*x2**3 + 0.0379784*x2**2 - 0.664718*x2 + cos(log(log(x1))) - exp(cos(E)) + 1.35525,"sub,sub,cos,log,log,x1,exp,cos,exp,div,x1,x1,-1.35525+0.664718*x2-0.45915*x1-0.0379784*x2**2+0.0279382*x1*x2+0.000440457*x1**2+0.000247856*x2**3-5.9414e-05*x1*x2**2-0.000111351*x1**2*x2+4.6575e-06*x1**3",0.39891952496148375,0.39891952496148375,False
0.6128950040196757,1,0,-2.77075e-6*x1**3 + 0.000111351*x1**2*x2 - 0.00100713*x1**2 + 5.9414e-5*x1*x2**2 - 0.0279382*x1*x2 + 0.686578*x1 - x1/log(x1) - 0.000247856*x2**3 + 0.0379784*x2**2 - 0.664718*x2 + 3.74891,"sub,3.74891-0.664718*x2+0.686578*x1+0.0379784*x2**2-0.0279382*x1*x2-0.00100713*x1**2-0.000247856*x2**3+5.9414e-05*x1*x2**2+0.000111351*x1**2*x2-2.77075e-06*x1**3,exp,sub,log,x1,log,log,x1",0.39891961410114585,0.39891961410114585,False
0.6128141580079846,1,0,-7.22562e-6*x1**3 + 0.000114034*x1**2*x2 - 2.00534e-5*x1**2 + 5.19887e-5*x1*x2**2 - 0.0279615*x1*x2 + 0.43078*x1 - 0.000248497*x2**3 + 0.0389678*x2**2 - 0.704407*x2 - sin(x2 - exp(x2)/(x1 + x2)) + cos(x2**2) + 2.15432,"add,cos,mul,x2,x2,sub,add,sin,sub,div,exp,x2,add,x1,x2,x2,2.15432+0.295593*x2+0.43078*x1+0.0389678*x2**2-0.0279615*x1*x2-2.00534e-05*x1**2-0.000248497*x2**3+5.19887e-05*x1*x2**2+0.000114034*x1**2*x2-7.22562e-06*x1**3,x2",0.3991915649489075,0.3991915649489075,False
0.6120578217160396,1,0,-1.92714e-5*x1**3 + 0.000126013*x1**2*x2 + 0.00180142*x1**2 + 5.23675e-5*x1*x2**2 - 0.0296972*x1*x2 + 0.36915*x1 - 0.00024938*x2**3 + 0.0388651*x2**2 - 0.641853*x2 - sin((x1 + exp(x2))*(x2 + exp(x1)) + exp(x2)) + 2.34489,"sub,2.34489-0.641853*x2+0.36915*x1+0.0388651*x2**2-0.0296972*x1*x2+0.00180142*x1**2-0.00024938*x2**3+5.23675e-05*x1*x2**2+0.000126013*x1**2*x2-1.92714e-05*x1**3,sin,add,exp,x2,mul,add,exp,x1,x2,add,x1,exp,x2",0.4017437188335336,0.4017437188335336,False
0.6116880881363534,1,0,0.138737724824861*exp(3.90443e-5*x1**3 + 2.00323e-6*x1**2*x2 - 0.00671102*x1**2 - 1.48671e-5*x1*x2**2 + 0.000332367*x1*x2 + 0.339856*x1 - 1.0079e-5*x2**3 + 0.00343405*x2**2 - 0.1854*x2 - sin(exp(x1*log(x1) - 2*x1)/x1**2)),"exp,sub,x2,sub,sin,div,div,exp,sub,sub,mul,log,x1,x1,x1,x1,x1,x1,-1.97517-1.1854*x2+0.339856*x1+0.00343405*x2**2+0.000332367*x1*x2-0.00671102*x1**2-1.0079e-05*x2**3-1.48671e-05*x1*x2**2+2.00323e-06*x1**2*x2+3.90443e-05*x1**3",0.40299659793782555,0.40299659793782555,False
0.611566395088999,1,0,(1.34187e-5*x1**3 - 0.000101522*x1**2*x2 - 0.00127391*x1**2 - 5.41698e-5*x1*x2**2 + 0.0254722*x1*x2 - 0.333264*x1 + 0.000225979*x2**3 - 0.0346262*x2**2 + 0.606046*x2 - sin(x1) - 2.36956)/cos(E),"div,sub,-2.36956+0.606046*x2-0.333264*x1-0.0346262*x2**2+0.0254722*x1*x2-0.00127391*x1**2+0.000225979*x2**3-5.41698e-05*x1*x2**2-0.000101522*x1**2*x2+1.34187e-05*x1**3,sin,x1,cos,exp,exp,mul,sub,x2,div,mul,x1,x2,x1,x1",0.4034097254101217,0.4034097254101217,False
0.6108390364438739,1,0,-6.36938e-6*x1**3 + 0.000111649*x1**2*x2 - 8.49436e-5*x1**2 + 5.70641e-5*x1*x2**2 - 0.0278854*x1*x2 + 0.431942*x1 - 0.000248822*x2**3 + 0.0383761*x2**2 - 0.680939*x2 + cos(x1/(-x1*x2 - x1 - x2*exp(x2) + log(log(x1)))) + 0.977574,"sub,cos,div,x1,sub,log,log,x1,add,add,mul,x2,exp,x2,x1,mul,x2,x1,-0.977574+0.680939*x2-0.431942*x1-0.0383761*x2**2+0.0278854*x1*x2+8.49436e-05*x1**2+0.000248822*x2**3-5.70641e-05*x1*x2**2-0.000111649*x1**2*x2+6.36938e-06*x1**3",0.4058868425643062,0.4058868425643062,False
0.6107732235271196,1,0,-9.41008e-6*x1**3 + 0.000105002*x1**2*x2 + 0.000730636*x1**2 + 5.47668e-5*x1*x2**2 - 0.0268184*x1*x2 + 0.348616*x1 - 0.000245616*x2**3 + 0.0381195*x2**2 - 0.700223*x2 + log(x1) + cos(x1 + x2 - log(log(x1))) + 0.358926,"add,log,x1,add,0.358926-0.700223*x2+0.348616*x1+0.0381195*x2**2-0.0268184*x1*x2+0.000730636*x1**2-0.000245616*x2**3+5.47668e-05*x1*x2**2+0.000105002*x1**2*x2-9.41008e-06*x1**3,cos,add,sub,x1,log,log,x1,x2",0.4061116429071916,0.4061116429071916,False
0.6106846822394316,1,0,-3.51053e-6*x1**3 + 0.000108072*x1**2*x2 - 0.000510259*x1**2 + 5.457e-5*x1*x2**2 - 0.0271837*x1*x2 + 0.443733*x1 - 0.00024547*x2**3 + 0.0381092*x2**2 - 0.692476*x2 - cos(x1*log(x1*log(x1)/(x1**2 + x1)) + x1 - x2) + 1.92815,"sub,1.92815-0.692476*x2+0.443733*x1+0.0381092*x2**2-0.0271837*x1*x2-0.000510259*x1**2-0.00024547*x2**3+5.457e-05*x1*x2**2+0.000108072*x1**2*x2-3.51053e-06*x1**3,cos,sub,add,mul,x1,log,mul,div,log,x1,add,x1,mul,x1,x1,x1,x1,x2",0.4064142523065663,0.4064142523065663,False
0.6101654499984527,1,0,-7.07766e-6*x1**3 + 0.00011196*x1**2*x2 + 3.2918e-5*x1**2 + 5.90147e-5*x1*x2**2 - 0.0280151*x1*x2 + 0.427141*x1 - 0.000250717*x2**3 + 0.0384411*x2**2 - 0.68073*x2 - sin(x2) + 2.06918,"add,2.06918-2.68073*x2+0.427141*x1+0.0384411*x2**2-0.0280151*x1*x2+3.2918e-05*x1**2-0.000250717*x2**3+5.90147e-05*x1*x2**2+0.00011196*x1**2*x2-7.07766e-06*x1**3,sub,x2,sub,sin,x2,x2",0.4081928833018745,0.4081928833018745,False
0.6089706963728505,1,0,-7.99321e-6*x1**3 + 0.000109149*x1**2*x2 + 0.00044105*x1**2 + 6.12574e-5*x1*x2**2 - 0.0277982*x1*x2 + 0.393763*x1 - 0.000246422*x2**3 + 0.0376372*x2**2 - 0.65589*x2 + cos((-2*x1 + (x2 + exp(x1))*(x2 + exp(2*x2)))/x1) + 2.31609,"add,2.31609-0.65589*x2+0.393763*x1+0.0376372*x2**2-0.0277982*x1*x2+0.00044105*x1**2-0.000246422*x2**3+6.12574e-05*x1*x2**2+0.000109149*x1**2*x2-7.99321e-06*x1**3,cos,div,sub,sub,mul,add,x2,exp,x1,add,exp,add,x2,x2,x2,x1,x1,x1",0.4123118523208743,0.4123118523208743,False
0.6086955096429205,1,0,(1.0558e-6*x1**3 + 2.52163e-5*x1**2*x2 - 0.00049854*x1**2 - 3.7943e-6*x1*x2**2 - 0.00501292*x1*x2 + 0.102383*x1 - 4.69369e-5*x2**3 + 0.00868139*x2**2 - 0.192979*x2 + 0.77502)*log(2*x1 + 2*x2 + exp(exp(cos(exp(x2))) + cos(x1))),"mul,0.77502-0.192979*x2+0.102383*x1+0.00868139*x2**2-0.00501292*x1*x2-0.00049854*x1**2-4.69369e-05*x2**3-3.7943e-06*x1*x2**2+2.52163e-05*x1**2*x2+1.0558e-06*x1**3,log,add,add,add,exp,add,exp,cos,exp,x2,cos,x1,add,x1,x2,x2,x1",0.41326580072187874,0.41326580072187874,False
0.6067292835461361,1,0,-7.17538e-6*x1**3 + 0.000106529*x1**2*x2 + 4.72085e-5*x1**2 + 7.45097e-5*x1*x2**2 - 0.0278249*x1*x2 + 0.429208*x1 - 0.000242471*x2**3 + 0.0355205*x2**2 - 0.577804*x2 + sin(x2) + sin(x1 - x2) - cos(x1*x2*exp(-x2)) + 1.88094,"sub,add,sub,sin,sub,x1,x2,cos,div,mul,x1,x2,exp,x2,sin,x2,-1.88094+0.577804*x2-0.429208*x1-0.0355205*x2**2+0.0278249*x1*x2-4.72085e-05*x1**2+0.000242471*x2**3-7.45097e-05*x1*x2**2-0.000106529*x1**2*x2+7.17538e-06*x1**3",0.4201392982884105,0.4201392982884105,False
0.6007656268056966,1,0,exp(x1)/(9.4638e+36*x1**3 + 6.99131e+37*x1**2*x2 - 1.51521e+39*x1**2 + 3.38121e+24*x1*x2**2 - 5.18652e+39*x1*x2 + 6.81013e+40*x1 - 8.19803e+24*x2**3 + 7.64948e+26*x2**2 + 8.82963e+40*x2 - 8.51734e+41),"div,exp,x1,sub,-8.51734e+41+8.82963e+40*x2+6.81013e+40*x1+7.64948e+26*x2**2-5.18652e+39*x1*x2-1.51521e+39*x1**2-8.19803e+24*x2**3+3.38121e+24*x1*x2**2+6.99131e+37*x1**2*x2+9.4638e+36*x1**3,add,x1,x2",0.4416169149261108,0.4416169149261108,False
0.5962930220571325,1,0,-3.6699e-6*x1**3 + 0.000124441*x1**2*x2 - 0.000727324*x1**2 + 3.86707e-5*x1*x2**2 - 0.0292223*x1*x2 + 0.482403*x1 - 0.000264777*x2**3 + 0.0429591*x2**2 + 1.18667*x2 + log(sin(exp(-x2)/(x1 + exp(x2)))) + 2.53998,"add,log,sin,div,exp,sub,x1,add,x2,x1,add,exp,x2,x1,2.53998+1.18667*x2+0.482403*x1+0.0429591*x2**2-0.0292223*x1*x2-0.000727324*x1**2-0.000264777*x2**3+3.86707e-05*x1*x2**2+0.000124441*x1**2*x2-3.6699e-06*x1**3",0.45836669888829445,0.45836669888829445,False
0.5712229200635704,1,0,(2.4668e-6*x1**3 + 8.38845e-5*x1**2*x2 - 0.0013782*x1**2 - 1.06357e-5*x1*x2**2 - 0.0172437*x1*x2 + 0.327943*x1 - 0.000169128*x2**3 + 0.030825*x2**2 - 0.680905*x2 + 2.64847)*log(log(x1 - x2**2*(-x2 + x2*cos(x1)/x1) - x2)),"mul,2.64847-0.680905*x2+0.327943*x1+0.030825*x2**2-0.0172437*x1*x2-0.0013782*x1**2-0.000169128*x2**3-1.06357e-05*x1*x2**2+8.38845e-05*x1**2*x2+2.4668e-06*x1**3,log,log,sub,x1,add,mul,x2,mul,sub,mul,x2,div,cos,x1,x1,x2,x2,x2",0.5634454480152006,0.5634454480152006,False
0.5002819642828337,1,0,log(x1 - sin(x1 + x2) - sin(exp(x1))),"log,sub,sub,x1,sin,add,x2,x1,sin,exp,x1",0.9977468277103092,0.9977468277103092,False
0.5002770439080855,1,0,log(x1 - x2/(x1*(7.60757e+35*x1**3 - 1.49487e+37*x1**2*x2 + 4.74572e+37*x1**2 + 5.33776e+37*x1*x2**2 - 4.80855e+38*x1*x2 + 4.16511e+38*x1 - 4.97727e+37*x2**3 + 9.68091e+38*x2**2 - 8.05054e+39*x2 + exp(x2) + 2.61585e+40))),"log,sub,x1,div,div,x2,x1,add,2.61585e+40-8.05054e+39*x2+4.16511e+38*x1+9.68091e+38*x2**2-4.80855e+38*x1*x2+4.74572e+37*x1**2-4.97727e+37*x2**3+5.33776e+37*x1*x2**2-1.49487e+37*x1**2*x2+7.60757e+35*x1**3,exp,x2",0.9977861028019399,0.9977861028019399,False
0.49757262837858135,1,0,log(x1 + x2 + cos(x2*(-x1 + x2) + x2)),"log,add,x2,add,x1,cos,add,mul,sub,x2,mul,x1,exp,sub,x2,x2,x2,x2",1.019608903198896,1.019608903198896,False
0.490865847477741,1,0,exp(sin(x2) + cos(log(-x2 + exp(x1) + exp(x2)))),"exp,add,sin,x2,cos,log,add,exp,x1,sub,exp,x2,x2",1.0758180519478409,1.0758180519478409,False
0.4890731905242502,1,0,exp(-x2 + exp(sin(x1*(x2 + exp(x1))*exp(x2)))),"exp,sub,exp,sin,mul,exp,x2,mul,add,x2,sub,add,x2,exp,x1,x2,x1,x2",1.0913641151898485,1.0913641151898485,False
0.4872432579913409,1,0,exp(cos(x2 + x2/x1)),"exp,cos,add,div,x2,mul,exp,mul,mul,add,x2,sub,sub,x2,x2,x1,sub,x2,x2,x2,x1,x2",1.1074677338729357,1.1074677338729357,False
0.48706404294516276,1,0,exp(cos(x2*(-2*x1 - exp(x1)) - x2)),"exp,cos,sub,sub,add,x2,x1,mul,sub,sub,x2,add,add,exp,x1,x2,x1,x1,x2,x1",1.1090577220399072,1.1090577220399072,False
0.4868900099074355,1,0,exp(cos(x1*x2*exp(exp(-x1 + x2)) + 1)),"exp,cos,add,div,x1,x1,mul,mul,exp,exp,sub,x2,x1,x1,x2",1.1106039486054475,1.1106039486054475,False
0.4846942607488853,1,0,exp(cos(x1 + exp(x1) + exp(x2) + log(x1))),"exp,cos,add,add,exp,x2,x1,add,exp,x1,log,x1",1.1303012408536968,1.1303012408536968,False
0.48391029925901724,1,0,exp(cos(log(x1/(x1*log(x1) + x2)))),"exp,cos,log,div,add,x1,sub,x1,x1,add,x2,mul,x1,log,x1",1.1374194579920875,1.1374194579920875,False
0.4822461489673231,1,0,sin(log(x1/(x1 - log(x1)) + log(x1))),"sin,log,add,div,x1,sub,x1,log,x1,log,x1",1.1526810123054583,1.1526810123054583,False
0.48113189682192004,1,0,exp(cos(x2 + exp(exp(log(x1)/((x1 + x2)*log(x1**2)))))),"exp,cos,add,x2,exp,exp,div,log,x1,mul,log,mul,x1,x1,add,x2,x1",1.163015889847349,1.163015889847349,False
0.4807879420164572,1,0,sin(exp(x1/(x1 + (x1 + 2*x2)*exp(x1 + x2)))),"sin,exp,div,x1,add,mul,exp,add,x1,x2,add,add,div,mul,x1,x1,x1,x2,x2,x1",1.1662251563034356,1.1662251563034356,False
0.48049091033921204,1,0,exp(cos(x1))/(-8.11712e-6*x1**3 - 8.20264e-6*x1**2*x2 + 0.00131653*x1**2 + 0.00087913*x1*x2 - 0.0692352*x1 + 0.0178898*x2 + cos(log(log(x1*(-x1**2 + x1 + exp(x1))))) + 1.95958),"div,exp,cos,x1,sub,cos,log,log,mul,sub,add,exp,x1,x1,mul,x1,x1,x1,-1.95958-0.0178898*x2+0.0692352*x1-0.00087913*x1*x2-0.00131653*x1**2+8.20264e-06*x1**2*x2+8.11712e-06*x1**3",1.1690038692531297,1.1690038692531297,False
0.47937944438238955,1,0,cos(log(log(log(x1))) - (2*x2 - x2*(-2*x1 + x2 + log(x1))/x1)/x1),"cos,sub,log,log,log,x1,div,sub,x2,sub,div,mul,sub,sub,log,x1,x1,sub,x1,x2,x2,x1,x2,x1",1.179461603282561,1.179461603282561,False
0.47813167551520763,1,0,-sin(2*x1 - exp(-x1)*log(2*x1)),"sin,sub,div,log,add,x1,x1,exp,x1,add,x1,x1",1.191315639155793,1.191315639155793,False
0.47594821205130383,1,0,sin(x1*x2 + x1*exp(x1) - 2*x1 + log(x1)),"sin,add,exp,add,x1,log,x1,sub,log,x1,sub,x1,sub,mul,x2,x1,x1",1.2123527856962206,1.2123527856962206,False
0.47593972460094625,1,0,sin(x1 + exp(exp(exp(x1**2*x2*(-x1 - x2 + log(x1)))))),"sin,add,exp,exp,exp,mul,mul,sub,log,x1,add,x2,x1,mul,x2,x1,x1,x1",1.2124352977666535,1.2124352977666535,False
0.47546411238557373,1,0,cos(x2/(-x2 + log(x1 + log(x1) + log(exp(x1) + log(x1))))),"cos,div,x2,sub,log,add,add,log,x1,div,mul,log,add,exp,x1,log,x1,x1,x1,x1,x2",1.2170682398519161,1.2170682398519161,False
0.47496441575946224,1,0,exp(-x2),"exp,sub,x2,add,add,x2,sub,x2,x2,x2",1.221955330332619,1.221955330332619,False
0.4737769905105695,1,0,cos(x1*x2*(x1 + x2**2 + x2)),"cos,mul,x1,mul,add,add,x2,x1,mul,x2,x2,x2",1.2336493611697588,1.2336493611697588,False
0.47375632801391226,1,0,(2.89668e-5*x1**3 + 5.30467e-5*x1**2*x2 - 0.0056406*x1**2 + 9.63348e-6*x1*x2**2 - 0.0149031*x1*x2 + 0.579754*x1 - 0.000198695*x2**3 + 0.0342976*x2**2 - 0.9526*x2 + 2.57201)*exp(sin(x2*(-x2 - log(x1) + 1))),"mul,2.57201-0.9526*x2+0.579754*x1+0.0342976*x2**2-0.0149031*x1*x2-0.0056406*x1**2-0.000198695*x2**3+9.63348e-06*x1*x2**2+5.30467e-05*x1**2*x2+2.89668e-05*x1**3,exp,sin,mul,sub,div,x1,x1,add,add,log,x1,sub,x2,x2,x2,x2",1.233853863221392,1.233853863221392,False
0.4737120467992332,1,0,sin(x1*x2/(x1**2 - x2)),"sin,mul,x1,div,x2,sub,add,x2,sub,mul,x1,x1,x2,x2",1.2342922429878112,1.2342922429878112,False
0.4735353671361395,1,0,cos(x2 - exp(x2)/(x2 + exp(x1 + 2*x2))),"cos,sub,div,exp,x2,add,exp,add,x2,add,mul,exp,mul,sub,x2,x2,x1,x2,x1,x2,x2",1.2360429465898939,1.2360429465898939,False
0.4734762023843632,1,0,0.367879441171442*exp(-cos(3*x1 + exp(x2)))*cos(x1),"div,cos,x1,exp,add,1.0,cos,add,add,add,x1,exp,x2,x1,x1",1.2366297745307722,1.2366297745307722,False
0.4732449755646756,1,0,cos(x1**2*x2),"cos,add,x1,sub,mul,x2,mul,x1,x1,x1",1.238925951428671,1.238925951428671,False
0.4732094789809046,1,0,cos((x1 + x2**2)/(-x1 + x2*exp(x1*x2 - exp(x1)))),"cos,div,add,x1,mul,x2,x2,sub,mul,exp,sub,mul,x1,x2,exp,x1,x2,x1",1.2392788344013177,1.2392788344013177,False
0.47310481368540497,1,0,sin(-x1 + x2 + exp(x2)),"sin,sub,add,add,exp,x1,sub,x2,exp,x1,exp,x2,x1",1.2403199467480932,1.2403199467480932,False
0.47303697445048415,1,0,cos(x2 - exp(x2*(x1 + x2**2/(x1 + x2))/x1)),"cos,sub,exp,div,mul,add,mul,x1,div,div,mul,x2,x2,add,x2,x1,x1,x1,x2,x1,x2",1.2409952276165557,1.2409952276165557,False
0.47274946963636344,1,0,cos(x2*(-x1 + (x2 + 1)*log(x1))),"cos,mul,x2,sub,mul,log,x1,sub,x2,sub,x1,add,exp,sub,x1,x1,x1,x1",1.2438612829167195,1.2438612829167195,False
0.472679759758074,1,0,cos(x1 + x2**2),"cos,add,x1,div,mul,x1,mul,x2,x2,x1",1.2445572247983467,1.2445572247983467,False
0.4726469603484563,1,0,cos(2*x1/log(x1 + x2*(x1*x2**2 + x1))),"cos,div,add,x1,x1,log,add,mul,add,mul,add,sub,mul,x2,x1,x2,x2,x2,x1,x2,x1",1.244884812928845,1.244884812928845,False
0.4725900706759139,1,0,sin(x2),"sin,add,x2,mul,sub,x1,x1,sub,x1,x1",1.2454532156093239,1.2454532156093239,False
0.4723845207981232,1,0,-sin(x1 - exp(x1*exp(-exp(x2**2/(x1 + x2))))),"sin,sub,exp,mul,x1,exp,sub,sub,x2,exp,mul,div,x2,add,x2,x1,x2,x2,x1",1.2475091525712625,1.2475091525712625,False
0.4723357346965541,1,0,sin(x2*log(log(2*x2 + exp(-x2 + (x1 + 2*x2)/x1)))),"sin,mul,x2,log,log,add,add,exp,sub,div,add,add,x1,mul,x1,div,x2,x1,x2,x1,x2,x2,x2",1.2479976294669708,1.2479976294669708,False
0.4722948070941943,1,0,cos(x1*(-x2*exp(-x1 + x2) - x2 + exp(x2))),"cos,mul,sub,sub,exp,x2,mul,exp,sub,x2,x1,x2,x2,x1",1.2484075737792828,1.2484075737792828,False
0.4721426271588055,1,0,cos(x1 - x2*(x1*exp(x2) + x1) + 3*x2),"cos,add,x2,add,sub,add,x1,x2,mul,sub,add,mul,exp,x2,x1,add,x1,x2,x2,x2,x2",1.249933072392009,1.249933072392009,False
0.4721411275160257,1,0,cos(2*x1 + 2*x2 + exp(x1)*exp(x2)),"cos,add,x2,add,x1,add,x1,add,mul,exp,x1,exp,x2,x2",1.249948114803257,1.249948114803257,False
0.4721359539477842,1,0,-sin(2*x1 + 2*x2),"sin,mul,add,x2,x1,div,add,x1,x1,sub,mul,log,x1,sub,x1,x1,x1",1.250000010550718,1.250000010550718,False
0.471947021997382,1,0,sin(x1**2*(x1 + exp(x2))*exp(x2)/(-x2 + log(x1))),"sin,mul,x1,mul,mul,add,x1,exp,x2,div,exp,x2,sub,log,x1,x2,x1",1.251896693491661,1.251896693491661,False
0.4718991421014556,1,0,(sin(x1) + cos(x2*exp(exp(exp(-x1 + x2)))))/x1,"div,add,sin,x1,cos,mul,x2,exp,exp,exp,sub,x2,x1,x1",1.2523778282397442,1.2523778282397442,False
0.4718910052716159,1,0,cos(exp(3*x1))/x1,"div,cos,exp,add,x1,add,x1,x1,x1",1.2524596123847316,1.2524596123847316,False
0.4718876298564779,1,0,sin(exp(x1 + x2 - x2*exp(-x2))),"sin,exp,sub,add,x1,x2,div,x2,exp,x2",1.2524935406537943,1.2524935406537943,False
0.4718841067739228,1,0,sin(exp(-x1)),"sin,div,exp,sub,div,mul,x2,x1,x1,x2,exp,x1",1.2525289542221605,1.2525289542221605,False
0.4718840932436764,1,0,0,"div,0.0,div,add,x2,cos,x2,add,cos,x2,div,exp,add,x1,sub,x1,div,x2,x1,x1",1.252529090228425,1.252529090228425,False
0.47188373891562335,1,0,sin(x1*x2/(x1 + log(x1 + exp(-2*x1 + x2))) - log(x1)),"sin,sub,div,x2,div,add,log,add,x1,exp,sub,x2,add,x1,x1,x1,x1,log,x1",1.252532651945376,1.252532651945376,False
0.47188366125778625,1,0,sin(x1 + x2)*sin(exp(x2))/x1,"div,mul,sin,exp,x2,sin,add,x2,x1,x1",1.2525334325658355,1.2525334325658355,False
0.47178636984437916,1,0,cos(x1 + x2 - exp(x1)),"cos,add,sub,x2,exp,x1,mul,x1,div,x1,x1",1.2535118036873523,1.2535118036873523,False
0.4714745846387934,1,0,cos(x1 - exp(x1 - x2)),"cos,sub,x1,exp,sub,x1,x2",1.256652441172278,1.256652441172278,False
0.47098511186952263,1,0,cos((x1*log(x1) - x2)*exp(x2)),"cos,mul,exp,x2,sub,mul,x1,log,x1,x2",1.2615992762073982,1.2615992762073982,False
0.47069577051346456,1,0,cos(x1*(x1/(-x1 + exp(x1*exp(-x2))) - x2)*exp(x1)),"cos,mul,exp,x1,mul,sub,div,x1,sub,exp,div,x1,exp,x2,x1,x2,x1",1.2645329106674872,1.2645329106674872,False
0.4700907961539329,1,0,x2*exp(-2.0*x1 - x2) - cos(2*x1 + x2),"sub,div,x2,exp,add,x1,add,mul,x1,1.0,x2,cos,add,add,x2,x1,x1",1.27068946379401,1.27068946379401,False
0.47006749686105115,1,0,sin(x2 - exp(exp(-x1 + exp(exp(x1 - x2)/(-x1 + exp(x1)))))),"sin,sub,x2,exp,exp,sub,exp,exp,sub,x1,add,log,sub,exp,x1,x1,x2,x1",1.270927186568645,1.270927186568645,False
0.4700147410927825,1,0,cos(exp(x1 + x2/(x2 + log(x1)))),"cos,exp,add,x1,div,x2,add,log,x1,x2",1.2714656231666068,1.2714656231666068,False
0.46993105693643256,1,0,-sin(x1*exp(x2) - x2),"sin,sub,x2,exp,add,x2,log,x1",1.272320203469941,1.272320203469941,False
0.46963422815040706,1,0,sin(x1) - sin(exp(x1 - x2*log(x1))),"sub,sin,x1,sin,exp,sub,x1,mul,log,x1,x2",1.2753561853702633,1.2753561853702633,False
0.4689559117208358,1,0,cos(x2 - log(x1/(-2*x2 + exp(x2) + 1))),"cos,sub,x2,sub,add,log,div,x1,sub,add,exp,x2,sub,div,x1,x1,x2,x2,x2,x2",1.2823220997594205,1.2823220997594205,False
0.46795367606161337,1,0,cos((-exp(x2) + log(x1))*exp(x2)),"cos,mul,exp,x2,sub,log,x1,exp,x2",1.2926863626684038,1.2926863626684038,False
0.4662616121793738,1,0,sin(exp(x1) + exp((x1 + x2)*exp(-2*x1)/(2*x1))),"sin,add,exp,x1,exp,exp,sub,sub,log,add,x1,x2,add,log,add,x1,x1,x1,x1",1.3103809083496807,1.3103809083496807,False
0.46526639020415206,1,0,cos(x1 - exp(exp(E))),"cos,sub,x1,exp,exp,exp,div,x1,x1",1.3209050520250338,1.3209050520250338,False
0.4639242216220652,1,0,sin(log(x1 + x2/(x1*(-x2 + exp(x2))))),"sin,log,add,x1,div,x2,mul,sub,add,sub,exp,div,mul,x1,x2,x1,x1,x1,x2,x1",1.3352367413289332,1.3352367413289332,False
0.43932285712791874,1,0,sin(x2)/(x1*log(log(6.34439e-5*x1**2 - 3.46286e-5*x1*x2 - 0.00288839*x1 - 1.99892e-6*x2**2 + 0.00108985*x2 + 2.75444))),"div,div,sin,x2,x1,log,log,2.75444+0.00108985*x2-0.00288839*x1-1.99892e-06*x2**2-3.46286e-05*x1*x2+6.34439e-05*x1**2",1.6287637851618957,1.6287637851618957,False
0.41839816069425867,1,0,-x2 + 0.222363911101503*(x1 + x2*sin(2*x1))*exp(-5.40886e-6*x1**3 + 1.69706e-5*x1**2*x2 + 0.000564985*x1**2 - 1.95512e-5*x1*x2**2 - 0.00226708*x1*x2 + 0.00867096*x1 - 3.88452e-6*x2**3 + 0.00271503*x2**2 + 0.0505500000000001*x2 - cos(x1)),"sub,mul,exp,sub,sub,-1.50344+1.05055*x2+0.00867096*x1+0.00271503*x2**2-0.00226708*x1*x2+0.000564985*x1**2-3.88452e-06*x2**3-1.95512e-05*x1*x2**2+1.69706e-05*x1**2*x2-5.40886e-06*x1**3,cos,x1,x2,add,x1,mul,x2,sin,add,x1,x1,x2",1.9322886782730058,1.9322886782730058,False
0.3987719238036664,1,0,x1*(exp(sin(x1)) + cos(exp(x1)))/(-0.000532926*x1**3 - 0.000659813*x1**2*x2 + 0.088602*x1**2 + 0.0812938*x1*x2 - 4.0457*x1 - 0.968315*x2 + 51.9668),"mul,div,x1,sub,51.9668-0.968315*x2-3.0457*x1+0.0812938*x1*x2+0.088602*x1**2-0.000659813*x1**2*x2-0.000532926*x1**3,x1,add,exp,sin,x1,cos,exp,x1",2.273156618276763,2.273156618276763,False
0.39478612280152114,1,0,x2/(-2.80581e-5*x1**3 + 0.000243936*x1**2*x2 + 0.00403765*x1**2 - 0.000233645*x1*x2**2 - 0.0350671*x1*x2 - 0.13468*x1 + 0.033349*x2**2 + 1.07892*x2 + cos(x1) + 0.25584),"div,x2,add,x2,add,x2,add,x1,add,add,add,sub,cos,x1,-0.25584+1.92108*x2+4.13468*x1-0.033349*x2**2+0.0350671*x1*x2-0.00403765*x1**2+0.000233645*x1*x2**2-0.000243936*x1**2*x2+2.80581e-05*x1**3,add,x2,x1,x1,x1",2.350141429677174,2.350141429677174,False
0.38972748516378464,1,0,exp(exp(cos(exp((-x1 + x2 - exp(x2))*log(x1)/x1)))),"exp,exp,cos,exp,mul,sub,sub,x2,x1,exp,x2,div,log,x1,x1",2.4520287136410466,2.4520287136410466,False
0.3105540940567197,1,0,x2*sin(exp((-x2 + x2/(x1*x2 + x1 + exp(x2)))/x1)),"mul,sin,exp,div,sub,div,x2,add,x1,sub,add,exp,x2,add,mul,x1,x2,x1,x1,x2,x1,x2",4.928626140620371,4.928626140620371,False
0.23255612483386137,1,0,(-x1 + x2)*cos(exp(x2)),"mul,cos,exp,x2,mul,add,mul,1.0,mul,log,x1,sub,x1,x1,div,sub,x2,x1,x1,x1",10.890245865542258,10.890245865542258,False
0.2172787264885195,1,0,(2*x1 + 2*x2)/(-8.81721e-5*x1**3 + 0.000487871*x1**2*x2 + 0.0129123*x1**2 - 0.00046729*x1*x2**2 - 0.0701342*x1*x2 - 0.423369*x1 + 0.066698*x2**2 + 4.15784*x2 + 3.33333),"div,add,x1,add,add,x2,x2,x1,3.33333+4.15784*x2-0.423369*x1+0.066698*x2**2-0.0701342*x1*x2+0.0129123*x1**2-0.00046729*x1*x2**2+0.000487871*x1**2*x2-8.81721e-05*x1**3",12.977166029156121,12.977166029156121,False
0.21588993370069431,1,0,log(x1*exp(x1*log((-1.25745e-6*x1**3 + 0.000271799*x1**2 - 6.79546e-6*x1*x2**2 + 0.000407468*x1*x2 - 0.0218415*x1 - 2.58513e-6*x2**3 + 0.00112508*x2**2 - 0.055832*x2 + 1.68799)*log(log(x1))))),"log,mul,x1,exp,mul,x1,log,mul,1.68799-0.055832*x2-0.0218415*x1+0.00112508*x2**2+0.000407468*x1*x2+0.000271799*x1**2-2.58513e-06*x2**3-6.79546e-06*x1*x2**2-1.25745e-06*x1**3,log,log,x1",13.191350888969769,13.191350888969769,False
0.20377327710050525,1,0,x1*cos(x1)/(x2/cos(x2) + log(x1)),"div,cos,x1,div,add,div,x2,cos,x2,log,x1,x1",15.267890576975143,15.267890576975143,False
0.19282942373812675,1,0,log(log(x1) + (x2 + exp(x2) - cos(x2))/x1),"log,add,log,x1,div,sub,x2,sub,cos,x2,exp,x2,x1",17.522014591025023,17.522014591025023,False
0.18742579359392353,1,0,x2 + log(cos(log(log(x1)))),"add,x2,log,cos,log,log,x1",18.79608273264626,18.79608273264626,False
0.18400777617723085,1,0,x2 - exp(sin(x1*exp(x1)*exp(-x2))),"sub,x2,exp,sin,div,exp,x1,div,add,sub,add,exp,x2,sub,x1,x2,x1,x2,x1",19.665259729133727,19.665259729133727,False
0.1812150148327414,1,0,x2 - cos(x2 + exp(x1)),"sub,x2,cos,add,x2,exp,x1",20.41509391472057,20.41509391472057,False
0.18107061761760793,1,0,x2 - sin(x2**2*(x1**2/(-x1 + x2 + log(x1*exp(-x1))) - x2)),"sub,x2,sin,mul,mul,sub,div,x1,div,sub,add,log,div,x1,exp,x1,x2,x1,x1,x2,x2,x2",20.454880235833834,20.454880235833834,False
0.18095468595302633,1,0,x2 + cos(exp(x2)),"add,x2,cos,exp,x2",20.48689737818083,20.48689737818083,False
0.1807838961495425,1,0,x2 + cos(x2*(x1 + x2*exp(x2 + exp(-x1 + x2)))*log(x1)),"add,x2,cos,mul,log,x1,mul,add,x1,mul,exp,add,exp,sub,x2,x1,x2,x2,x2",20.534185367515594,20.534185367515594,False
0.18056711739523434,1,0,x2 + exp(1.0*cos(x1*exp(-x1)))*cos(exp(x2)),"add,mul,cos,exp,x2,exp,mul,cos,exp,add,sub,log,x1,add,x1,x2,x2,1.0,x2",20.594414298173486,20.594414298173486,False
