14,0.4,0.2826204594585041,1.4,0.0,13
19,0.4,0.3399766022188832,1.4,0.6400000000000001,22
26,0.4,0.3326128762129768,1.4,0.8704000000000002,33
34,0.4,0.4571548594223367,1.4,0.9533440000000002,44
42,0.4,0.672653624974753,1.4,0.9832038400000002,51
47,0.4,0.9840847013697405,1.4,0.9939533824000002,53
50,0.4,1.1553983185954522,1.4,0.9978232176640002,54
53,0.4,1.218987884546454,1.4,0.9992163583590401,56
59,0.4,1.0115006009114493,1.4,0.9997178890092546,66
61,0.4,1.3087411446230224,1.4,0.9998984400433317,63
51,0.4,2.022066372997168,1.4,0.9999634384155995,43
48,0.4,1.6296827658542121,1.4,0.999986837829616,45
40,0.4,2.0780853200805818,1.4,0.9999952616186618,33
37,0.4,1.6272963081089462,1.4,0.9999982941827184,35
33,0.4,1.7715658611785274,1.4,0.9999993859057787,30
30,0.4,1.6910962203138713,1.4,0.9999997789260804,28
30,0.4,1.4136923208527201,1.4,0.999999920413389,30
28,0.4,1.6477500949078308,1.4,0.9999999713488201,26
22,0.4,2.1751460031054513,1.4,0.9999999896855754,18
20,0.4,1.743629945871413,1.4,0.9999999962868072,18
20,0.4,1.479299623536757,1.4,0.9999999986632507,20
18,0.4,1.7340869019948673,1.4,0.9999999995187704,16
17,0.4,1.594242696931822,1.4,0.9999999998267575,16
12,0.4,2.5397038332550017,1.4,0.9999999999376328,9
10,0.4,2.1990054704423745,1.4,0.999999999977548,8
10,0.4,1.4840198977734795,1.4,0.9999999999919174,10
8,0.4,2.0649356352573833,1.4,0.9999999999970903,7
5,0.4,2.95640573167449,1.4,0.9999999999989526,3
4,0.4,1.9905398553444682,1.4,0.9999999999996231,3
5,0.4,0.680152925893934,1.4,0.9999999999998644,6
5,0.4,1.2581507373842107,1.4,0.9999999999999514,5
5,0.4,1.5362499155497966,1.4,0.9999999999999827,5
5,0.4,1.376893923214383,1.4,0.9999999999999939,5
4,0.4,1.854595242220951,1.4,0.9999999999999979,4
4,0.4,1.4324804477581086,1.4,0.9999999999999993,4
4,0.4,1.2291757035623108,1.4,0.9999999999999999,4
4,0.4,2.0899523622923604,1.4,1.0,3
4,0.4,1.8644056834657257,1.4,1.0,4
4,0.4,2.1946115449664023,1.4,1.0,3
4,0.4,2.3390029034780397,1.4,1.0,3
4,0.4,1.8870073207610474,1.4,1.0,3
4,0.4,1.8682525388602864,1.4,1.0,3
4,0.4,1.8352411257018586,1.4,1.0,4
4,0.4,1.959178696874742,1.4,1.0,3
4,0.4,2.2739855434037786,1.4,1.0,3
4,0.4,2.1760104747684776,1.4,1.0,3
4,0.4,3.0580522969761073,1.4,1.0,2
4,0.4,3.719254239027909,1.4,1.0,2
4,0.4,3.27749207792783,1.4,1.0,2
4,0.4,3.636977264204438,1.4,1.0,2
4,0.4,3.8191392810966027,1.4,1.0,2
4,0.4,3.1885014415094113,1.4,1.0,2
4,0.4,3.3923537389389726,1.4,1.0,2
4,0.4,3.6390682590100476,1.4,1.0,2
4,0.4,3.461730792790406,1.4,1.0,2
4,0.4,4.401156197976835,1.4,1.0,2
4,0.4,4.985660815643907,1.4,1.0,1
4,0.4,4.523660586290321,1.4,1.0,2
4,0.4,4.863203135566375,1.4,1.0,1
4,0.4,5.334244223837373,1.4,1.0,1
4,0.4,5.159899421566496,1.4,1.0,1
4,0.4,4.966757362782532,1.4,1.0,1
4,0.4,4.927823765898367,1.4,1.0,1
4,0.4,5.940468054751868,1.4,1.0,1
4,0.4,7.110255405954939,1.4,1.0,1
4,0.4,6.914976599587935,1.4,1.0,1
4,0.4,6.85344292064429,1.4,1.0,1
4,0.4,6.78751351660066,1.4,1.0,1
4,0.4,7.469849467071489,1.4,1.0,1
4,0.4,8.166891748485522,1.4,1.0,1
4,0.4,8.949954786734459,1.4,1.0,0
4,0.4,8.477884772235264,1.4,1.0,1
4,0.4,8.499559407979865,1.4,1.0,1
4,0.4,8.872544811591611,1.4,1.0,0
4,0.4,10.271711800210271,1.4,1.0,0
4,0.4,10.529918173061636,1.4,1.0,0
4,0.4,10.851806125341566,1.4,1.0,0
4,0.4,9.882808608259714,1.4,1.0,0
4,0.4,10.1094969249155,1.4,1.0,0
4,0.4,10.909721695084842,1.4,1.0,0
4,0.4,11.70393232525826,1.4,1.0,0
4,0.4,11.550197590324755,1.4,1.0,0
4,0.4,12.068583005610673,1.4,1.0,0
4,0.4,12.963217783791244,1.4,1.0,0
4,0.4,13.448754789687582,1.4,1.0,0
4,0.4,14.833264976195522,1.4,1.0,0
4,0.4,14.74904622411295,1.4,1.0,0
4,0.4,15.455602296241809,1.4,1.0,0
4,0.4,15.174328486291499,1.4,1.0,0
4,0.4,15.941892110323403,1.4,1.0,0
4,0.4,16.71366017897644,1.4,1.0,0
4,0.4,16.48278576469973,1.4,1.0,0
4,0.4,17.120231298683564,1.4,1.0,0
4,0.4,16.469448888309415,1.4,1.0,0
4,0.4,16.76985939778329,1.4,1.0,0
4,0.4,17.38507598236515,1.4,1.0,0
4,0.4,16.995680299853174,1.4,1.0,0
4,0.4,18.22735940758203,1.4,1.0,0
4,0.4,18.6030824032996,1.4,1.0,0
4,0.4,19.014628978734923,1.4,1.0,0
4,0.4,20.077722959397185,1.4,1.0,0
4,0.4,20.216476798748072,1.4,1.0,0
4,0.4,21.306129806136134,1.4,1.0,0
4,0.4,22.36767153052917,1.4,1.0,0
4,0.4,23.953287330464637,1.4,1.0,0
4,0.4,23.76972795846154,1.4,1.0,0
4,0.4,24.05556254666107,1.4,1.0,0
4,0.4,23.492153042100835,1.4,1.0,0
4,0.4,23.699110314725004,1.4,1.0,0
4,0.4,24.463763269337825,1.4,1.0,0
4,0.4,26.142923499619666,1.4,1.0,0
4,0.4,26.457455653787523,1.4,1.0,0
4,0.4,27.238137306864978,1.4,1.0,0
4,0.4,28.917666273337513,1.4,1.0,0
4,0.4,30.977001612600198,1.4,1.0,0
4,0.4,32.300480498988065,1.4,1.0,0
4,0.4,32.3748525208036,1.4,1.0,0
4,0.4,32.96909465488911,1.4,1.0,0
4,0.4,33.31193582765764,1.4,1.0,0
4,0.4,34.81424315638712,1.4,1.0,0
4,0.4,36.87373765125515,1.4,1.0,0
4,0.4,39.09467193226745,1.4,1.0,0
4,0.4,41.287497352674656,1.4,1.0,0
4,0.4,41.32060817523724,1.4,1.0,0
4,0.4,42.3360369760069,1.4,1.0,0
4,0.4,43.23729316161066,1.4,1.0,0
4,0.4,45.7616358350483,1.4,1.0,0
4,0.4,46.945651223410714,1.4,1.0,0
4,0.4,47.5797902148957,1.4,1.0,0
4,0.4,48.404617765665854,1.4,1.0,0
4,0.4,50.349775362594194,1.4,1.0,0
4,0.4,51.1725811075635,1.4,1.0,0
4,0.4,50.66259347953122,1.4,1.0,0
4,0.4,51.0502662399428,1.4,1.0,0
4,0.4,52.52945099046572,1.4,1.0,0
4,0.4,53.90922004053805,1.4,1.0,0
4,0.4,55.7594372973333,1.4,1.0,0
4,0.4,58.31255831904471,1.4,1.0,0
4,0.4,60.6874690815167,1.4,1.0,0
4,0.4,62.078473671402705,1.4,1.0,0
4,0.4,60.09560518252604,1.4,1.0,0
4,0.4,59.26927565145324,1.4,1.0,0
4,0.4,59.0877755209635,1.4,1.0,0
4,0.4,59.242075431406434,1.4,1.0,0
4,0.4,59.80115084978612,1.4,1.0,0
4,0.4,62.853701665391014,1.4,1.0,0
4,0.4,63.0712509846245,1.4,1.0,0
4,0.4,64.2609819279628,1.4,1.0,0
4,0.4,66.37931145097167,1.4,1.0,0
4,0.4,68.13509621277619,1.4,1.0,0
4,0.4,69.88813863736853,1.4,1.0,0
4,0.4,73.71903485924568,1.4,1.0,0
4,0.4,74.77039059872409,1.4,1.0,0
4,0.4,77.07862100289833,1.4,1.0,0
4,0.4,78.11100040954139,1.4,1.0,0
4,0.4,76.47058209055453,1.4,1.0,0
4,0.4,77.06627970638726,1.4,1.0,0
4,0.4,79.49583472471822,1.4,1.0,0
4,0.4,82.06282106329789,1.4,1.0,0
4,0.4,85.97451467729024,1.4,1.0,0
4,0.4,90.11410525798755,1.4,1.0,0
4,0.4,94.7724870722115,1.4,1.0,0
4,0.4,97.78763150585006,1.4,1.0,0
4,0.4,98.89589545930957,1.4,1.0,0
4,0.4,100.66410353649711,1.4,1.0,0
4,0.4,103.60007712837506,1.4,1.0,0
4,0.4,105.51353098933913,1.4,1.0,0
4,0.4,106.43773442074564,1.4,1.0,0
4,0.4,107.73203257339003,1.4,1.0,0
4,0.4,109.99559819518076,1.4,1.0,0
4,0.4,112.85948597692921,1.4,1.0,0
4,0.4,116.64544566955267,1.4,1.0,0
4,0.4,119.63112307553465,1.4,1.0,0
4,0.4,124.74929134946154,1.4,1.0,0
4,0.4,125.84164028027602,1.4,1.0,0
4,0.4,128.79221405205928,1.4,1.0,0
4,0.4,131.90533848324694,1.4,1.0,0
4,0.4,135.43950644706754,1.4,1.0,0
4,0.4,139.81045433045318,1.4,1.0,0
4,0.4,142.54128688675266,1.4,1.0,0
4,0.4,147.4353988714029,1.4,1.0,0
4,0.4,152.59088295152102,1.4,1.0,0
4,0.4,158.97283578337098,1.4,1.0,0
4,0.4,166.2894487831629,1.4,1.0,0
4,0.4,172.95756373895324,1.4,1.0,0
4,0.4,177.55529134015623,1.4,1.0,0
4,0.4,183.8801987746073,1.4,1.0,0
4,0.4,191.32999996713727,1.4,1.0,0
4,0.4,196.0299743280878,1.4,1.0,0
4,0.4,196.52806515280315,1.4,1.0,0
4,0.4,199.19700914516366,1.4,1.0,0
4,0.4,201.15670684210858,1.4,1.0,0
4,0.4,204.25892658346334,1.4,1.0,0
4,0.4,209.89197810889988,1.4,1.0,0
4,0.4,206.32635882043556,1.4,1.0,0
4,0.4,206.34997381171618,1.4,1.0,0
4,0.4,208.00274312346858,1.4,1.0,0
4,0.4,210.99338140051867,1.4,1.0,0
4,0.4,216.67914624423744,1.4,1.0,0
4,0.4,224.13298329240536,1.4,1.0,0
4,0.4,235.26258547781913,1.4,1.0,0
4,0.4,245.64953029903953,1.4,1.0,0
4,0.4,256.51499656224894,1.4,1.0,0
4,0.4,266.0422014398413,1.4,1.0,0
4,0.4,273.47213603413365,1.4,1.0,0
4,0.4,284.03911821596085,1.4,1.0,0
4,0.4,297.0068611139759,1.4,1.0,0
4,0.4,309.5426114576775,1.4,1.0,0
4,0.4,323.69578233341,1.4,1.0,0
4,0.4,340.22960739771116,1.4,1.0,0
4,0.4,351.02639024059465,1.4,1.0,0
4,0.4,345.6051752107163,1.4,1.0,0
4,0.4,346.1674830152624,1.4,1.0,0
4,0.4,353.4417485331175,1.4,1.0,0
4,0.4,361.9394114166673,1.4,1.0,0
4,0.4,374.38862194454464,1.4,1.0,0
4,0.4,383.0440399868302,1.4,1.0,0
4,0.4,390.82846266788965,1.4,1.0,0
4,0.4,400.0656152804042,1.4,1.0,0
4,0.4,411.3136385237188,1.4,1.0,0
4,0.4,423.09844098511826,1.4,1.0,0
4,0.4,435.9101534576562,1.4,1.0,0
4,0.4,450.6896654006124,1.4,1.0,0
4,0.4,468.80068911957665,1.4,1.0,0
4,0.4,448.09075781731406,1.4,1.0,0
4,0.4,444.3233397291303,1.4,1.0,0
4,0.4,444.6238513740322,1.4,1.0,0
4,0.4,442.5645361430735,1.4,1.0,0
4,0.4,448.3281988573156,1.4,1.0,0
4,0.4,449.60516564996567,1.4,1.0,0
4,0.4,462.29742604425616,1.4,1.0,0
4,0.4,479.1680935981031,1.4,1.0,0
4,0.4,490.1729156804731,1.4,1.0,0
4,0.4,511.74237062301796,1.4,1.0,0
4,0.4,517.3186522961163,1.4,1.0,0
4,0.4,528.3638204862305,1.4,1.0,0
4,0.4,546.0899432756588,1.4,1.0,0
4,0.4,561.524666001098,1.4,1.0,0
4,0.4,584.2048980705156,1.4,1.0,0
4,0.4,605.0649122168528,1.4,1.0,0
4,0.4,628.4544731125369,1.4,1.0,0
4,0.4,655.9739718080463,1.4,1.0,0
4,0.4,687.4513953346988,1.4,1.0,0
4,0.4,727.7246394542451,1.4,1.0,0
4,0.4,762.0639315337146,1.4,1.0,0
4,0.4,784.5029354709743,1.4,1.0,0
4,0.4,820.5729543123639,1.4,1.0,0
4,0.4,864.6986431474953,1.4,1.0,0
4,0.4,901.7233413037977,1.4,1.0,0
4,0.4,948.7975558968592,1.4,1.0,0
4,0.4,966.3846198994685,1.4,1.0,0
4,0.4,992.8817965555661,1.4,1.0,0
4,0.4,1034.058444022195,1.4,1.0,0
4,0.4,1036.1725747358612,1.4,1.0,0
4,0.4,1037.226950791454,1.4,1.0,0
4,0.4,1042.9521061694488,1.4,1.0,0
4,0.4,1029.5058389172423,1.4,1.0,0
4,0.4,1018.4146706723437,1.4,1.0,0
4,0.4,1032.015970938434,1.4,1.0,0
4,0.4,1057.0910795950745,1.4,1.0,0
4,0.4,1090.4247626614788,1.4,1.0,0
4,0.4,1134.5552259209323,1.4,1.0,0
4,0.4,1125.7162633815835,1.4,1.0,0
4,0.4,1119.8890909401534,1.4,1.0,0
4,0.4,1141.9776633312788,1.4,1.0,0
4,0.4,1129.4999792751084,1.4,1.0,0
4,0.4,1136.7738111991516,1.4,1.0,0
4,0.4,1158.1350568441196,1.4,1.0,0
4,0.4,1188.0051451149675,1.4,1.0,0
4,0.4,1179.454475847995,1.4,1.0,0
4,0.4,1174.82425193417,1.4,1.0,0
4,0.4,1173.862616070348,1.4,1.0,0
4,0.4,1182.3877641369133,1.4,1.0,0
4,0.4,1198.19737352311,1.4,1.0,0
4,0.4,1157.6366335345297,1.4,1.0,0
4,0.4,1125.3587812138273,1.4,1.0,0
4,0.4,1101.2835896776512,1.4,1.0,0
4,0.4,1110.1442990378714,1.4,1.0,0
4,0.4,1126.1577291270635,1.4,1.0,0
4,0.4,1115.0719066994166,1.4,1.0,0
4,0.4,1127.2786795476427,1.4,1.0,0
4,0.4,1133.8714083647324,1.4,1.0,0
4,0.4,1155.9801833707372,1.4,1.0,0
4,0.4,1197.4070231960116,1.4,1.0,0
4,0.4,1244.7527394110002,1.4,1.0,0
4,0.4,1275.1400967725522,1.4,1.0,0
4,0.4,1275.6238316178474,1.4,1.0,0
4,0.4,1270.144586192963,1.4,1.0,0
4,0.4,1271.971467131616,1.4,1.0,0
4,0.4,1228.3817093924456,1.4,1.0,0
4,0.4,1215.8957420317975,1.4,1.0,0
4,0.4,1215.8365129037873,1.4,1.0,0
4,0.4,1234.9294437670812,1.4,1.0,0
4,0.4,1233.3202781413902,1.4,1.0,0
4,0.4,1253.445207946635,1.4,1.0,0
4,0.4,1269.0497180892137,1.4,1.0,0
4,0.4,1277.0610808486756,1.4,1.0,0
4,0.4,1314.8653852139478,1.4,1.0,0
4,0.4,1356.8574352490136,1.4,1.0,0
4,0.4,1387.2201730916995,1.4,1.0,0
4,0.4,1410.7861630932837,1.4,1.0,0
4,0.4,1445.1531259953908,1.4,1.0,0
4,0.4,1481.4293700005094,1.4,1.0,0
4,0.4,1543.3368224651515,1.4,1.0,0
4,0.4,1611.2281542205174,1.4,1.0,0
4,0.4,1682.0915734961786,1.4,1.0,0
4,0.4,1729.1355898485258,1.4,1.0,0
4,0.4,1785.2010695823694,1.4,1.0,0
4,0.4,1826.8578576082152,1.4,1.0,0
4,0.4,1874.6887042891656,1.4,1.0,0
4,0.4,1954.4936771156886,1.4,1.0,0
4,0.4,1920.0972889824816,1.4,1.0,0
4,0.4,1934.9997324505032,1.4,1.0,0
4,0.4,1961.788110425728,1.4,1.0,0
4,0.4,2025.0031997787548,1.4,1.0,0
4,0.4,2064.6786470730426,1.4,1.0,0
4,0.4,2086.28009734587,1.4,1.0,0
4,0.4,2143.6748909431767,1.4,1.0,0
4,0.4,2187.6957273719354,1.4,1.0,0
4,0.4,2194.483457536064,1.4,1.0,0
4,0.4,2246.839219070832,1.4,1.0,0
4,0.4,2306.406782898655,1.4,1.0,0
4,0.4,2357.8698798748164,1.4,1.0,0
4,0.4,2432.1145149270296,1.4,1.0,0
4,0.4,2511.6452857258696,1.4,1.0,0
4,0.4,2584.1328276242475,1.4,1.0,0
4,0.4,2467.525272813259,1.4,1.0,0
4,0.4,2439.1503206928846,1.4,1.0,0
4,0.4,2448.8792563357815,1.4,1.0,0
4,0.4,2507.9731725572333,1.4,1.0,0
4,0.4,2553.9162583060906,1.4,1.0,0
4,0.4,2626.0091706344383,1.4,1.0,0
4,0.4,2681.475177485893,1.4,1.0,0
4,0.4,2772.3713611559333,1.4,1.0,0
4,0.4,2842.84423926646,1.4,1.0,0
4,0.4,2898.0004488712198,1.4,1.0,0
4,0.4,2934.4119890201664,1.4,1.0,0
4,0.4,2987.809892227765,1.4,1.0,0
4,0.4,3061.839094002937,1.4,1.0,0
4,0.4,3101.154055771508,1.4,1.0,0
4,0.4,3200.6334807565067,1.4,1.0,0
4,0.4,3261.229887352155,1.4,1.0,0
4,0.4,3291.1091219376126,1.4,1.0,0
4,0.4,3362.4888221477436,1.4,1.0,0
4,0.4,3416.5968742568934,1.4,1.0,0
4,0.4,3536.861467496797,1.4,1.0,0
4,0.4,3685.4397474369125,1.4,1.0,0
4,0.4,3872.4049639453206,1.4,1.0,0
4,0.4,4085.666704209819,1.4,1.0,0
4,0.4,4318.847472648816,1.4,1.0,0
4,0.4,4574.129631685167,1.4,1.0,0
4,0.4,4706.53945931952,1.4,1.0,0
4,0.4,4890.663697574055,1.4,1.0,0
4,0.4,5080.637511454798,1.4,1.0,0
4,0.4,5244.620151399969,1.4,1.0,0
4,0.4,5440.4199569415305,1.4,1.0,0
4,0.4,5694.762586605606,1.4,1.0,0
4,0.4,5979.942506158728,1.4,1.0,0
4,0.4,6309.975719836295,1.4,1.0,0
4,0.4,6402.693780067726,1.4,1.0,0
4,0.4,6444.436581911198,1.4,1.0,0
4,0.4,6551.355508502609,1.4,1.0,0
4,0.4,6742.454792091779,1.4,1.0,0
4,0.4,6962.262026763603,1.4,1.0,0
4,0.4,7157.583978691101,1.4,1.0,0
4,0.4,7423.33028416597,1.4,1.0,0
4,0.4,7674.047727428485,1.4,1.0,0
4,0.4,7991.299303490142,1.4,1.0,0
4,0.4,8330.4440252313,1.4,1.0,0
4,0.4,8672.888245103131,1.4,1.0,0
4,0.4,8972.339897500655,1.4,1.0,0
4,0.4,9305.333592799489,1.4,1.0,0
4,0.4,9714.247490932963,1.4,1.0,0
4,0.4,10068.236603814026,1.4,1.0,0
4,0.4,10340.904039462108,1.4,1.0,0
4,0.4,10155.557974007457,1.4,1.0,0
4,0.4,9552.058716574014,1.4,1.0,0
4,0.4,9337.408466908084,1.4,1.0,0
4,0.4,9311.6150483878,1.4,1.0,0
4,0.4,9220.756867105654,1.4,1.0,0
4,0.4,9296.84446115756,1.4,1.0,0
4,0.4,9501.633861766533,1.4,1.0,0
4,0.4,9589.842512191632,1.4,1.0,0
4,0.4,9812.787471210695,1.4,1.0,0
4,0.4,10061.754821197212,1.4,1.0,0
4,0.4,10264.61423057414,1.4,1.0,0
4,0.4,10623.979431594895,1.4,1.0,0
4,0.4,11054.54313628916,1.4,1.0,0
4,0.4,11405.652550405643,1.4,1.0,0
4,0.4,11754.075578680813,1.4,1.0,0
4,0.4,12150.393896025176,1.4,1.0,0
4,0.4,12602.938446578493,1.4,1.0,0
4,0.4,13177.484428006699,1.4,1.0,0
4,0.4,13568.700223861337,1.4,1.0,0
4,0.4,14150.879046524144,1.4,1.0,0
4,0.4,14644.659680957515,1.4,1.0,0
4,0.4,15186.414767912129,1.4,1.0,0
4,0.4,15545.145715617673,1.4,1.0,0
4,0.4,16002.47708386964,1.4,1.0,0
4,0.4,16529.313524348207,1.4,1.0,0
4,0.4,16537.55725901264,1.4,1.0,0
4,0.4,16609.36739069037,1.4,1.0,0
4,0.4,16941.989105834124,1.4,1.0,0
4,0.4,16681.162259214543,1.4,1.0,0
4,0.4,16787.10856401105,1.4,1.0,0
4,0.4,17153.54411566234,1.4,1.0,0
4,0.4,17585.05455223042,1.4,1.0,0
4,0.4,17048.587792281607,1.4,1.0,0
4,0.4,16840.49738623948,1.4,1.0,0
4,0.4,16937.872093273967,1.4,1.0,0
4,0.4,16734.925511412664,1.4,1.0,0
4,0.4,16958.120202915656,1.4,1.0,0
4,0.4,17251.85307828291,1.4,1.0,0
4,0.4,17590.56890359602,1.4,1.0,0
4,0.4,17677.18279360071,1.4,1.0,0
4,0.4,17995.64778314552,1.4,1.0,0
4,0.4,18414.05477247544,1.4,1.0,0
4,0.4,19084.586466458208,1.4,1.0,0
4,0.4,19888.439257997088,1.4,1.0,0
4,0.4,20839.769035353944,1.4,1.0,0
4,0.4,21786.065228703264,1.4,1.0,0
4,0.4,21675.065437811416,1.4,1.0,0
4,0.4,21872.24129995072,1.4,1.0,0
4,0.4,22204.93764069095,1.4,1.0,0
4,0.4,22576.04140631066,1.4,1.0,0
4,0.4,23259.743430210838,1.4,1.0,0
4,0.4,24174.446640108214,1.4,1.0,0
4,0.4,25036.547054241128,1.4,1.0,0
4,0.4,25978.870268788924,1.4,1.0,0
4,0.4,26782.114390617517,1.4,1.0,0
4,0.4,27923.6659470987,1.4,1.0,0
4,0.4,28900.759082064436,1.4,1.0,0
4,0.4,30151.79920454544,1.4,1.0,0
4,0.4,31310.25937851389,1.4,1.0,0
4,0.4,31756.653222744862,1.4,1.0,0
4,0.4,32795.97167334434,1.4,1.0,0
4,0.4,34150.80911125102,1.4,1.0,0
4,0.4,35750.413723406295,1.4,1.0,0
4,0.4,36730.76586227488,1.4,1.0,0
4,0.4,38030.92746073691,1.4,1.0,0
4,0.4,39745.520323796634,1.4,1.0,0
4,0.4,41408.554754030636,1.4,1.0,0
4,0.4,43402.10056169937,1.4,1.0,0
4,0.4,45649.44681584819,1.4,1.0,0
4,0.4,48375.07142849923,1.4,1.0,0
4,0.4,49642.88732277713,1.4,1.0,0
4,0.4,51512.31289147384,1.4,1.0,0
4,0.4,53769.10618441665,1.4,1.0,0
4,0.4,56688.066752521096,1.4,1.0,0
4,0.4,60153.466370849055,1.4,1.0,0
4,0.4,62765.91483995713,1.4,1.0,0
4,0.4,63961.05941257348,1.4,1.0,0
4,0.4,59581.45844202427,1.4,1.0,0
4,0.4,55205.32930926825,1.4,1.0,0
4,0.4,53721.22895064505,1.4,1.0,0
4,0.4,53529.70631946563,1.4,1.0,0
4,0.4,53812.70227728395,1.4,1.0,0
4,0.4,54814.48956579892,1.4,1.0,0
4,0.4,56633.14755158387,1.4,1.0,0
4,0.4,57379.72680776169,1.4,1.0,0
4,0.4,58847.63825044019,1.4,1.0,0
4,0.4,60863.03624221413,1.4,1.0,0
4,0.4,59111.6331531315,1.4,1.0,0
4,0.4,57797.83655760747,1.4,1.0,0
4,0.4,57399.45300388567,1.4,1.0,0
4,0.4,58067.798935652194,1.4,1.0,0
4,0.4,58003.38601775716,1.4,1.0,0
4,0.4,56511.507986736644,1.4,1.0,0
4,0.4,56214.13864466797,1.4,1.0,0
4,0.4,55702.04693353599,1.4,1.0,0
4,0.4,56437.70245966738,1.4,1.0,0
4,0.4,57083.317335860986,1.4,1.0,0
4,0.4,57827.69075342059,1.4,1.0,0
4,0.4,59675.11103693445,1.4,1.0,0
4,0.4,62223.37287446459,1.4,1.0,0
4,0.4,64755.27540220279,1.4,1.0,0
4,0.4,66554.30796905867,1.4,1.0,0
4,0.4,69070.58274493527,1.4,1.0,0
4,0.4,69097.95918476647,1.4,1.0,0
4,0.4,70396.23004804424,1.4,1.0,0
4,0.4,73008.98552187189,1.4,1.0,0
4,0.4,76452.46101585902,1.4,1.0,0
4,0.4,77879.89075148167,1.4,1.0,0
4,0.4,79756.07006590071,1.4,1.0,0
4,0.4,81549.6430626449,1.4,1.0,0
4,0.4,83228.8897854965,1.4,1.0,0
4,0.4,84264.60768871508,1.4,1.0,0
4,0.4,85296.18704345761,1.4,1.0,0
4,0.4,82741.02782835734,1.4,1.0,0
4,0.4,78232.39818091695,1.4,1.0,0
4,0.4,75809.72060402519,1.4,1.0,0
4,0.4,73180.72531169058,1.4,1.0,0
4,0.4,72331.6213113351,1.4,1.0,0
4,0.4,72036.16465869448,1.4,1.0,0
4,0.4,72472.07461655396,1.4,1.0,0
4,0.4,73248.57931297646,1.4,1.0,0
4,0.4,75013.84081063015,1.4,1.0,0
4,0.4,76413.30070616683,1.4,1.0,0
4,0.4,76292.89527068906,1.4,1.0,0
4,0.4,76416.56412887588,1.4,1.0,0
4,0.4,76756.82633845464,1.4,1.0,0
4,0.4,77945.20957418431,1.4,1.0,0
4,0.4,80329.09791553297,1.4,1.0,0
4,0.4,83020.67257274357,1.4,1.0,0
4,0.4,86565.70959025492,1.4,1.0,0
4,0.4,85830.94980970492,1.4,1.0,0
4,0.4,86207.73250464631,1.4,1.0,0
4,0.4,87299.05380767606,1.4,1.0,0
4,0.4,89326.85967200044,1.4,1.0,0
4,0.4,89682.86390082665,1.4,1.0,0
4,0.4,90676.38680740702,1.4,1.0,0
4,0.4,91228.36797651382,1.4,1.0,0
4,0.4,93140.58402692074,1.4,1.0,0
4,0.4,93947.68831732437,1.4,1.0,0
4,0.4,94299.09312347522,1.4,1.0,0
4,0.4,96488.12363752125,1.4,1.0,0
4,0.4,98564.04728902051,1.4,1.0,0
4,0.4,102295.9122001881,1.4,1.0,0
4,0.4,98320.12955469846,1.4,1.0,0
4,0.4,94044.31144751354,1.4,1.0,0
4,0.4,92255.02854757033,1.4,1.0,0
4,0.4,88548.54627549081,1.4,1.0,0
4,0.4,86958.87855071086,1.4,1.0,0
4,0.4,88049.33112854532,1.4,1.0,0
4,0.4,90344.23977801195,1.4,1.0,0
4,0.4,93051.32560569195,1.4,1.0,0
4,0.4,96879.41331429889,1.4,1.0,0
4,0.4,99676.12748581504,1.4,1.0,0
4,0.4,103298.47707040196,1.4,1.0,0
4,0.4,105717.0412027748,1.4,1.0,0
4,0.4,108092.29979743982,1.4,1.0,0
4,0.4,112071.09378779127,1.4,1.0,0
4,0.4,116352.8274881642,1.4,1.0,0
4,0.4,118799.7391290187,1.4,1.0,0
4,0.4,122315.13106678707,1.4,1.0,0
4,0.4,125745.81460354979,1.4,1.0,0
4,0.4,129938.53784717346,1.4,1.0,0
4,0.4,134664.16667589892,1.4,1.0,0
4,0.4,140787.02364743766,1.4,1.0,0
4,0.4,147153.04955204975,1.4,1.0,0
4,0.4,151006.34281609615,1.4,1.0,0
4,0.4,155146.01829064873,1.4,1.0,0
4,0.4,160898.07123473103,1.4,1.0,0
4,0.4,164900.6328140219,1.4,1.0,0
4,0.4,169377.07902007014,1.4,1.0,0
4,0.4,174952.48050639214,1.4,1.0,0
4,0.4,180130.34958157665,1.4,1.0,0
4,0.4,183467.010776238,1.4,1.0,0
4,0.4,184260.95498620914,1.4,1.0,0
4,0.4,187836.3460597164,1.4,1.0,0
4,0.4,188249.89135814656,1.4,1.0,0
4,0.4,186640.53072925497,1.4,1.0,0
4,0.4,185415.61018985274,1.4,1.0,0
4,0.4,185021.01115305553,1.4,1.0,0
4,0.4,186585.05092762658,1.4,1.0,0
4,0.4,188760.63607790554,1.4,1.0,0
4,0.4,193372.69758419244,1.4,1.0,0
4,0.4,198179.55551202327,1.4,1.0,0
4,0.4,201985.61121640002,1.4,1.0,0
4,0.4,208724.7573996903,1.4,1.0,0
4,0.4,199179.22541279192,1.4,1.0,0
4,0.4,192175.15958479905,1.4,1.0,0
4,0.4,189174.84243681363,1.4,1.0,0
4,0.4,188466.75398531475,1.4,1.0,0
4,0.4,189902.40789169396,1.4,1.0,0
4,0.4,193467.233309003,1.4,1.0,0
4,0.4,199365.7936175705,1.4,1.0,0
4,0.4,204976.22705347463,1.4,1.0,0
4,0.4,205553.43522993353,1.4,1.0,0
4,0.4,210946.5296118934,1.4,1.0,0
4,0.4,213755.56440147417,1.4,1.0,0
4,0.4,217942.63473626965,1.4,1.0,0
4,0.4,223763.95826399443,1.4,1.0,0
4,0.4,220269.54572114747,1.4,1.0,0
4,0.4,216685.7451403205,1.4,1.0,0
4,0.4,218539.4729437688,1.4,1.0,0
4,0.4,221569.057987126,1.4,1.0,0
4,0.4,226892.4819661248,1.4,1.0,0
4,0.4,230375.41474816072,1.4,1.0,0
4,0.4,236007.58987613302,1.4,1.0,0
4,0.4,243733.2664597813,1.4,1.0,0
4,0.4,251108.39915594744,1.4,1.0,0
4,0.4,251941.71525295978,1.4,1.0,0
4,0.4,255238.53884903656,1.4,1.0,0
4,0.4,260235.29597010976,1.4,1.0,0
4,0.4,266548.9654817924,1.4,1.0,0
4,0.4,260073.18389296954,1.4,1.0,0
4,0.4,258977.35858831735,1.4,1.0,0
4,0.4,264134.28434968006,1.4,1.0,0
4,0.4,261719.87838824204,1.4,1.0,0
4,0.4,241046.5320969026,1.4,1.0,0
4,0.4,223449.83826613912,1.4,1.0,0
4,0.4,216347.56799726683,1.4,1.0,0
4,0.4,201114.65702373162,1.4,1.0,0
4,0.4,191123.0909194124,1.4,1.0,0
4,0.4,188298.0926429904,1.4,1.0,0
4,0.4,187894.45462548258,1.4,1.0,0
4,0.4,190658.13137764842,1.4,1.0,0
4,0.4,194915.0110732527,1.4,1.0,0
4,0.4,199635.2419432796,1.4,1.0,0
4,0.4,204658.51091856736,1.4,1.0,0
4,0.4,208374.1743416972,1.4,1.0,0
4,0.4,215513.82068064713,1.4,1.0,0
4,0.4,223644.5679800516,1.4,1.0,0
4,0.4,232232.04316774965,1.4,1.0,0
4,0.4,228921.3785894388,1.4,1.0,0
4,0.4,230459.87381777962,1.4,1.0,0
4,0.4,236737.1701122796,1.4,1.0,0
4,0.4,242006.81247847725,1.4,1.0,0
4,0.4,250405.43861568283,1.4,1.0,0
4,0.4,260010.3464360849,1.4,1.0,0
4,0.4,264935.7107025747,1.4,1.0,0
4,0.4,271877.7153210533,1.4,1.0,0
4,0.4,275765.7191075025,1.4,1.0,0
4,0.4,284235.3547689272,1.4,1.0,0
4,0.4,276098.7942865256,1.4,1.0,0
4,0.4,268211.63315926684,1.4,1.0,0
4,0.4,267048.65914861305,1.4,1.0,0
4,0.4,267481.4789538472,1.4,1.0,0
4,0.4,271690.5814774098,1.4,1.0,0
4,0.4,279451.7964446554,1.4,1.0,0
4,0.4,277328.76215018245,1.4,1.0,0
4,0.4,277157.73026738496,1.4,1.0,0
4,0.4,269756.62821430585,1.4,1.0,0
4,0.4,270445.99172872514,1.4,1.0,0
4,0.4,276125.4391967111,1.4,1.0,0
4,0.4,280632.1107649412,1.4,1.0,0
4,0.4,280175.52086743864,1.4,1.0,0
4,0.4,283616.65585159743,1.4,1.0,0
4,0.4,290491.71141432517,1.4,1.0,0
4,0.4,301231.5192522584,1.4,1.0,0
4,0.4,297818.1509143196,1.4,1.0,0
4,0.4,300768.08358801156,1.4,1.0,0
4,0.4,305036.238382882,1.4,1.0,0
4,0.4,312713.55010356236,1.4,1.0,0
4,0.4,322102.77269717044,1.4,1.0,0
4,0.4,334070.9064050762,1.4,1.0,0
4,0.4,345063.511465242,1.4,1.0,0
4,0.4,351759.040311067,1.4,1.0,0
4,0.4,362869.3544686253,1.4,1.0,0
4,0.4,378628.1520573547,1.4,1.0,0
4,0.4,390144.13734794565,1.4,1.0,0
4,0.4,401678.1786062084,1.4,1.0,0
4,0.4,416415.09718897595,1.4,1.0,0
4,0.4,434097.79425639694,1.4,1.0,0
4,0.4,449985.4995113758,1.4,1.0,0
4,0.4,468401.11960293684,1.4,1.0,0
4,0.4,487289.4677430049,1.4,1.0,0
4,0.4,508760.6953925964,1.4,1.0,0
4,0.4,529757.5394939265,1.4,1.0,0
4,0.4,549757.1842740314,1.4,1.0,0
4,0.4,571773.3133465083,1.4,1.0,0
4,0.4,600970.1954196875,1.4,1.0,0
4,0.4,628930.3172417405,1.4,1.0,0
4,0.4,649487.962780453,1.4,1.0,0
4,0.4,664696.0474250915,1.4,1.0,0
4,0.4,685351.0583572449,1.4,1.0,0
4,0.4,708993.0133427854,1.4,1.0,0
4,0.4,710916.0701477493,1.4,1.0,0
4,0.4,713766.6519839405,1.4,1.0,0
4,0.4,711590.2615911352,1.4,1.0,0
4,0.4,727463.9530950661,1.4,1.0,0
4,0.4,749699.5191850787,1.4,1.0,0
4,0.4,778966.1701726817,1.4,1.0,0
4,0.4,816432.9548313431,1.4,1.0,0
4,0.4,833666.85777352,1.4,1.0,0
4,0.4,847760.9739519802,1.4,1.0,0
4,0.4,813677.3817681697,1.4,1.0,0
4,0.4,800981.3197402009,1.4,1.0,0
4,0.4,814097.6340182913,1.4,1.0,0
4,0.4,829968.8679473115,1.4,1.0,0
4,0.4,851005.756862203,1.4,1.0,0
4,0.4,884247.0147677229,1.4,1.0,0
4,0.4,909338.0563416193,1.4,1.0,0
4,0.4,936114.312410886,1.4,1.0,0
4,0.4,972855.1107295469,1.4,1.0,0
4,0.4,1012271.1411458717,1.4,1.0,0
4,0.4,1060885.276897402,1.4,1.0,0
4,0.4,1080373.261927199,1.4,1.0,0
4,0.4,1119152.5092031157,1.4,1.0,0
4,0.4,1164086.2445873728,1.4,1.0,0
4,0.4,1210702.4928597147,1.4,1.0,0
4,0.4,1234763.5812673725,1.4,1.0,0
4,0.4,1257223.91223119,1.4,1.0,0
4,0.4,1284529.2445756837,1.4,1.0,0
4,0.4,1330394.6972125312,1.4,1.0,0
4,0.4,1374059.5125432725,1.4,1.0,0
4,0.4,1417660.0105972514,1.4,1.0,0
4,0.4,1472940.6638096527,1.4,1.0,0
4,0.4,1538277.3024301603,1.4,1.0,0
4,0.4,1561791.0679026723,1.4,1.0,0
4,0.4,1604779.1249479924,1.4,1.0,0
4,0.4,1645968.4809073382,1.4,1.0,0
4,0.4,1696387.155280984,1.4,1.0,0
4,0.4,1760397.3072278118,1.4,1.0,0
4,0.4,1828281.9257808782,1.4,1.0,0
4,0.4,1875061.90026511,1.4,1.0,0
4,0.4,1918776.557862623,1.4,1.0,0
4,0.4,1960553.3593480943,1.4,1.0,0
4,0.4,2003416.3726663138,1.4,1.0,0
4,0.4,2069207.1524726227,1.4,1.0,0
4,0.4,2159580.5771747497,1.4,1.0,0
4,0.4,2239199.718366049,1.4,1.0,0
4,0.4,2323975.1223352356,1.4,1.0,0
4,0.4,2428227.935670803,1.4,1.0,0
4,0.4,2554288.183842501,1.4,1.0,0
4,0.4,2601783.780338945,1.4,1.0,0
4,0.4,2674251.259549008,1.4,1.0,0
4,0.4,2721975.0022267965,1.4,1.0,0
4,0.4,2812417.5266779633,1.4,1.0,0
4,0.4,2940863.001336465,1.4,1.0,0
4,0.4,3037600.4329327075,1.4,1.0,0
4,0.4,3174685.957220343,1.4,1.0,0
4,0.4,3344940.621567949,1.4,1.0,0
4,0.4,3535797.935868277,1.4,1.0,0
4,0.4,3699903.559248454,1.4,1.0,0
4,0.4,3888053.157323886,1.4,1.0,0
4,0.4,4109596.595071636,1.4,1.0,0
4,0.4,4341608.950527359,1.4,1.0,0
4,0.4,4325124.104335975,1.4,1.0,0
4,0.4,4395788.831568837,1.4,1.0,0
4,0.4,4262463.650004435,1.4,1.0,0
4,0.4,4205127.1499031,1.4,1.0,0
4,0.4,4238549.657023115,1.4,1.0,0
4,0.4,4285124.419101674,1.4,1.0,0
4,0.4,4360550.761275474,1.4,1.0,0
4,0.4,4440062.976175546,1.4,1.0,0
4,0.4,4584336.533268115,1.4,1.0,0
4,0.4,4777708.18221763,1.4,1.0,0
4,0.4,4939163.247265203,1.4,1.0,0
4,0.4,5004382.502386529,1.4,1.0,0
4,0.4,5137794.206905482,1.4,1.0,0
4,0.4,5334618.744829512,1.4,1.0,0
4,0.4,5513843.630107225,1.4,1.0,0
4,0.4,5743451.134731581,1.4,1.0,0
4,0.4,6023706.374552914,1.4,1.0,0
4,0.4,6155456.909931505,1.4,1.0,0
4,0.4,6245885.664225122,1.4,1.0,0
4,0.4,6273884.466883388,1.4,1.0,0
4,0.4,6444207.785013257,1.4,1.0,0
4,0.4,6286929.230572261,1.4,1.0,0
4,0.4,5822271.716004402,1.4,1.0,0
4,0.4,5339024.513588599,1.4,1.0,0
4,0.4,5068637.633290939,1.4,1.0,0
4,0.4,4978337.032482845,1.4,1.0,0
4,0.4,4959621.772526156,1.4,1.0,0
4,0.4,4878785.31502952,1.4,1.0,0
4,0.4,4765617.986861362,1.4,1.0,0
4,0.4,4799897.343700449,1.4,1.0,0
4,0.4,4881750.2760929335,1.4,1.0,0
4,0.4,4915447.548139542,1.4,1.0,0
4,0.4,4690677.897628006,1.4,1.0,0
4,0.4,4497761.885094994,1.4,1.0,0
4,0.4,4470911.9611236565,1.4,1.0,0
4,0.4,4540850.737243863,1.4,1.0,0
4,0.4,4639789.363266888,1.4,1.0,0
4,0.4,4749949.5647514025,1.4,1.0,0
4,0.4,4911687.200955276,1.4,1.0,0
4,0.4,5080170.8137200875,1.4,1.0,0
4,0.4,5308060.6352161905,1.4,1.0,0
4,0.4,5553096.331033754,1.4,1.0,0
4,0.4,5799036.507129536,1.4,1.0,0
4,0.4,6059247.405223624,1.4,1.0,0
4,0.4,6377702.191978464,1.4,1.0,0
4,0.4,6450882.056067875,1.4,1.0,0
4,0.4,6514226.227401484,1.4,1.0,0
4,0.4,6675313.188938646,1.4,1.0,0
4,0.4,6853738.575368169,1.4,1.0,0
4,0.4,7070614.326961091,1.4,1.0,0
4,0.4,7307857.846314734,1.4,1.0,0
4,0.4,7572574.429057801,1.4,1.0,0
4,0.4,7678464.129531103,1.4,1.0,0
4,0.4,7867043.605515185,1.4,1.0,0
4,0.4,8065917.820141393,1.4,1.0,0
4,0.4,8367040.072374443,1.4,1.0,0
4,0.4,8461858.694034372,1.4,1.0,0
4,0.4,8678827.7597376,1.4,1.0,0
4,0.4,8992621.25515064,1.4,1.0,0
4,0.4,9029712.131763447,1.4,1.0,0
4,0.4,9197939.7643867,1.4,1.0,0
4,0.4,9393971.169986816,1.4,1.0,0
4,0.4,9745519.719923928,1.4,1.0,0
4,0.4,10130071.142006237,1.4,1.0,0
4,0.4,10218041.393637879,1.4,1.0,0
4,0.4,10435050.02399717,1.4,1.0,0
4,0.4,10731140.437375762,1.4,1.0,0
4,0.4,11072123.698362207,1.4,1.0,0
4,0.4,11441543.881986473,1.4,1.0,0
4,0.4,11926089.46186553,1.4,1.0,0
4,0.4,12561212.959738376,1.4,1.0,0
4,0.4,13223124.47543191,1.4,1.0,0
4,0.4,13789980.190214872,1.4,1.0,0
4,0.4,13083712.417522602,1.4,1.0,0
4,0.4,12729032.820146564,1.4,1.0,0
4,0.4,12631351.616576888,1.4,1.0,0
4,0.4,12338841.735553812,1.4,1.0,0
4,0.4,10937819.430340154,1.4,1.0,0
4,0.4,9689462.47685844,1.4,1.0,0
4,0.4,8994849.542365158,1.4,1.0,0
4,0.4,8642259.374134213,1.4,1.0,0
4,0.4,8481563.881810812,1.4,1.0,0
4,0.4,8495274.886342524,1.4,1.0,0
4,0.4,8639768.207695527,1.4,1.0,0
4,0.4,8960735.512428263,1.4,1.0,0
4,0.4,9227938.823701397,1.4,1.0,0
4,0.4,9605046.507079508,1.4,1.0,0
4,0.4,10060439.766465358,1.4,1.0,0
4,0.4,10368073.662504116,1.4,1.0,0
4,0.4,10760217.064867087,1.4,1.0,0
4,0.4,11139407.734937418,1.4,1.0,0
4,0.4,11614420.099039657,1.4,1.0,0
4,0.4,11869371.36419149,1.4,1.0,0
4,0.4,12355157.564253498,1.4,1.0,0
4,0.4,12838179.459592178,1.4,1.0,0
4,0.4,13316437.38533874,1.4,1.0,0
4,0.4,13650810.870033104,1.4,1.0,0
4,0.4,13824807.39752181,1.4,1.0,0
4,0.4,14110418.78979001,1.4,1.0,0
4,0.4,14474021.634064967,1.4,1.0,0
4,0.4,15070061.42084139,1.4,1.0,0
4,0.4,15690699.783502623,1.4,1.0,0
4,0.4,16325392.924116695,1.4,1.0,0
4,0.4,16695307.33897649,1.4,1.0,0
4,0.4,17412465.334134117,1.4,1.0,0
4,0.4,18203111.743926004,1.4,1.0,0
4,0.4,18738414.55873566,1.4,1.0,0
4,0.4,19260621.620171178,1.4,1.0,0
4,0.4,19895447.890273377,1.4,1.0,0
4,0.4,20752890.78324703,1.4,1.0,0
4,0.4,21681687.36351046,1.4,1.0,0
4,0.4,22729444.316837654,1.4,1.0,0
4,0.4,23869226.925727993,1.4,1.0,0
4,0.4,25149648.032869156,1.4,1.0,0
4,0.4,25437113.526553813,1.4,1.0,0
4,0.4,25956133.829647057,1.4,1.0,0
4,0.4,26720697.850493055,1.4,1.0,0
4,0.4,27709075.25104888,1.4,1.0,0
4,0.4,28874102.79699412,1.4,1.0,0
4,0.4,29914835.018860385,1.4,1.0,0
4,0.4,30028761.981162596,1.4,1.0,0
4,0.4,30254585.949146304,1.4,1.0,0
4,0.4,30653032.39430245,1.4,1.0,0
4,0.4,31504065.018326983,1.4,1.0,0
4,0.4,32019795.586144134,1.4,1.0,0
4,0.4,33046157.844464175,1.4,1.0,0
4,0.4,34053244.383851215,1.4,1.0,0
4,0.4,34901826.89032713,1.4,1.0,0
4,0.4,35698080.288554564,1.4,1.0,0
4,0.4,35889536.62315569,1.4,1.0,0
4,0.4,35884603.59105641,1.4,1.0,0
4,0.4,35948279.26226397,1.4,1.0,0
4,0.4,36858468.004356064,1.4,1.0,0
4,0.4,36063004.397927076,1.4,1.0,0
4,0.4,35914662.275130294,1.4,1.0,0
4,0.4,36419728.18768987,1.4,1.0,0
4,0.4,37694423.219432935,1.4,1.0,0
4,0.4,39356582.84388068,1.4,1.0,0
4,0.4,40858533.515451625,1.4,1.0,0
4,0.4,41844979.83078903,1.4,1.0,0
4,0.4,43096117.52139388,1.4,1.0,0
4,0.4,43742481.20656445,1.4,1.0,0
4,0.4,44596134.7038531,1.4,1.0,0
4,0.4,44642080.00994138,1.4,1.0,0
4,0.4,44587467.646558195,1.4,1.0,0
4,0.4,44704911.487572305,1.4,1.0,0
4,0.4,44393051.118447594,1.4,1.0,0
4,0.4,45082763.52952639,1.4,1.0,0
4,0.4,45420453.45010921,1.4,1.0,0
4,0.4,46647951.82982773,1.4,1.0,0
4,0.4,47180840.97288362,1.4,1.0,0
4,0.4,47510149.629616864,1.4,1.0,0
4,0.4,48250832.30020335,1.4,1.0,0
4,0.4,49299160.36297244,1.4,1.0,0
4,0.4,51230023.3220728,1.4,1.0,0
4,0.4,52810193.36313502,1.4,1.0,0
4,0.4,49844194.55972629,1.4,1.0,0
4,0.4,47572925.48975233,1.4,1.0,0
4,0.4,44592129.06792893,1.4,1.0,0
4,0.4,43828039.58063799,1.4,1.0,0
4,0.4,43641699.14398589,1.4,1.0,0
4,0.4,43811009.87144977,1.4,1.0,0
4,0.4,44994206.75814278,1.4,1.0,0
4,0.4,45955718.291729204,1.4,1.0,0
4,0.4,46954055.08363325,1.4,1.0,0
4,0.4,48434442.26312655,1.4,1.0,0
4,0.4,50337734.2583881,1.4,1.0,0
4,0.4,52789698.00013221,1.4,1.0,0
4,0.4,55270321.5276233,1.4,1.0,0
4,0.4,55262334.62641866,1.4,1.0,0
4,0.4,55641067.79895364,1.4,1.0,0
4,0.4,53892636.00325481,1.4,1.0,0
4,0.4,53705845.140160844,1.4,1.0,0
4,0.4,53666353.821220025,1.4,1.0,0
4,0.4,54559805.13364204,1.4,1.0,0
4,0.4,56073742.95240073,1.4,1.0,0
4,0.4,56267756.161351696,1.4,1.0,0
4,0.4,57120964.540270425,1.4,1.0,0
4,0.4,58672650.504637904,1.4,1.0,0
4,0.4,60873042.83612739,1.4,1.0,0
4,0.4,62812125.80218431,1.4,1.0,0
4,0.4,65727804.71246811,1.4,1.0,0
4,0.4,68744017.26070434,1.4,1.0,0
4,0.4,70404844.29552387,1.4,1.0,0
4,0.4,71080259.6492391,1.4,1.0,0
4,0.4,69998784.7984007,1.4,1.0,0
4,0.4,67918632.4555446,1.4,1.0,0
4,0.4,67583695.28735499,1.4,1.0,0
4,0.4,68502899.68277447,1.4,1.0,0
4,0.4,70584344.40451206,1.4,1.0,0
4,0.4,72850690.17156382,1.4,1.0,0
4,0.4,74931877.42761286,1.4,1.0,0
4,0.4,76841110.25554997,1.4,1.0,0
4,0.4,79579446.52727102,1.4,1.0,0
4,0.4,78348596.86312816,1.4,1.0,0
4,0.4,77411755.6235916,1.4,1.0,0
4,0.4,77175554.41944408,1.4,1.0,0
4,0.4,77778998.208122,1.4,1.0,0
4,0.4,77811087.22076622,1.4,1.0,0
4,0.4,79394164.10703269,1.4,1.0,0
4,0.4,81416222.3041778,1.4,1.0,0
4,0.4,84411526.88386996,1.4,1.0,0
4,0.4,87930596.072053,1.4,1.0,0
4,0.4,91608402.82835165,1.4,1.0,0
4,0.4,91921441.2549324,1.4,1.0,0
4,0.4,91347028.171058,1.4,1.0,0
4,0.4,91095289.5501802,1.4,1.0,0
4,0.4,92741395.4989229,1.4,1.0,0
4,0.4,95824596.57129365,1.4,1.0,0
4,0.4,99670648.82920563,1.4,1.0,0
4,0.4,104091128.39561935,1.4,1.0,0
4,0.4,109363981.9214112,1.4,1.0,0
4,0.4,115232943.20875321,1.4,1.0,0
4,0.4,121200206.32054889,1.4,1.0,0
4,0.4,124435312.39144823,1.4,1.0,0
4,0.4,129754020.10652883,1.4,1.0,0
4,0.4,136307394.52406594,1.4,1.0,0
4,0.4,143608708.4752156,1.4,1.0,0
4,0.4,151081841.60878643,1.4,1.0,0
4,0.4,156742092.14715704,1.4,1.0,0
4,0.4,160930545.49350515,1.4,1.0,0
4,0.4,164674947.741708,1.4,1.0,0
4,0.4,168648362.643571,1.4,1.0,0
4,0.4,174703308.76934645,1.4,1.0,0
4,0.4,183341232.58377287,1.4,1.0,0
4,0.4,183312292.429432,1.4,1.0,0
4,0.4,185651119.15079063,1.4,1.0,0
4,0.4,190025434.45021552,1.4,1.0,0
4,0.4,192873547.15185672,1.4,1.0,0
4,0.4,198905398.60682052,1.4,1.0,0
4,0.4,205700977.12533206,1.4,1.0,0
4,0.4,214494087.7899995,1.4,1.0,0
4,0.4,223372755.48559156,1.4,1.0,0
4,0.4,233651165.7679824,1.4,1.0,0
4,0.4,239451862.4117962,1.4,1.0,0
4,0.4,247684135.24976444,1.4,1.0,0
4,0.4,242465720.98220247,1.4,1.0,0
4,0.4,244488955.96258128,1.4,1.0,0
4,0.4,252551777.00447008,1.4,1.0,0
4,0.4,262789624.62001377,1.4,1.0,0
4,0.4,271945634.87315375,1.4,1.0,0
4,0.4,284055099.44816977,1.4,1.0,0
4,0.4,298345557.8613902,1.4,1.0,0
4,0.4,314925834.2999795,1.4,1.0,0
4,0.4,330117080.05541176,1.4,1.0,0
4,0.4,347521719.9500233,1.4,1.0,0
4,0.4,366147250.9801013,1.4,1.0,0
4,0.4,384298153.820915,1.4,1.0,0
4,0.4,405369658.10774416,1.4,1.0,0
4,0.4,415890474.4528175,1.4,1.0,0
4,0.4,422220258.5790607,1.4,1.0,0
4,0.4,428990538.2481397,1.4,1.0,0
4,0.4,439844177.0323725,1.4,1.0,0
4,0.4,437569150.25439924,1.4,1.0,0
4,0.4,442873895.2670272,1.4,1.0,0
4,0.4,455996000.83204794,1.4,1.0,0
4,0.4,472864023.33569777,1.4,1.0,0
4,0.4,492065623.29755497,1.4,1.0,0
4,0.4,511657569.65218025,1.4,1.0,0
4,0.4,536372953.0846924,1.4,1.0,0
4,0.4,547630051.1664296,1.4,1.0,0
4,0.4,566360798.6366233,1.4,1.0,0
4,0.4,590225527.1662455,1.4,1.0,0
4,0.4,620455858.2489946,1.4,1.0,0
4,0.4,633593368.4998409,1.4,1.0,0
4,0.4,655011831.3369273,1.4,1.0,0
4,0.4,637104018.764995,1.4,1.0,0
4,0.4,626287011.2060506,1.4,1.0,0
4,0.4,624147198.8995466,1.4,1.0,0
4,0.4,638432500.590441,1.4,1.0,0
4,0.4,645466961.7328038,1.4,1.0,0
4,0.4,664704873.4585695,1.4,1.0,0
4,0.4,693573425.4330935,1.4,1.0,0
4,0.4,725322840.9919544,1.4,1.0,0
4,0.4,757977622.1176208,1.4,1.0,0
4,0.4,793002361.612091,1.4,1.0,0
4,0.4,809647834.4126524,1.4,1.0,0
4,0.4,834602451.2027366,1.4,1.0,0
4,0.4,865467000.420222,1.4,1.0,0
4,0.4,905164073.0256927,1.4,1.0,0
4,0.4,942153926.4346672,1.4,1.0,0
